,fpr,thresholds,tpr
0,0.0,0.9862351902268012,0.0005359056806002144
1,0.0,0.9823167915848794,0.01714898177920686
2,0.00043554006968641115,0.9822490909086,0.01714898177920686
3,0.00043554006968641115,0.9805243325209975,0.024115755627009645
4,0.0008710801393728223,0.9802570695766011,0.024115755627009645
5,0.0008710801393728223,0.9749603346435007,0.060557341907824226
6,0.0013066202090592336,0.9747161093000419,0.060557341907824226
7,0.0013066202090592336,0.9731116538836343,0.06966773847802786
8,0.0017421602787456446,0.9730943393690096,0.06966773847802786
9,0.0017421602787456446,0.9688231436488232,0.09753483386923902
10,0.0021777003484320556,0.9687591908313443,0.09753483386923902
11,0.0021777003484320556,0.9680711968453353,0.10182207931404073
12,0.002613240418118467,0.9679466143790211,0.10182207931404073
13,0.002613240418118467,0.9590170675122768,0.1382636655948553
14,0.003048780487804878,0.958967225191579,0.1382636655948553
15,0.003048780487804878,0.9500327753579534,0.16613076098606644
16,0.003484320557491289,0.9499367474329221,0.16613076098606644
17,0.003484320557491289,0.9493111473033106,0.17041800643086816
18,0.0039198606271777,0.9492560666075526,0.17041800643086816
19,0.0039198606271777,0.949161052781444,0.17095391211146838
20,0.004355400696864111,0.9490747861941142,0.17095391211146838
21,0.004355400696864111,0.947666895243095,0.17416934619506966
22,0.004790940766550522,0.9474962380453099,0.17416934619506966
23,0.004790940766550522,0.9464652789736011,0.17792068595927116
24,0.005226480836236934,0.9462765650629349,0.17792068595927116
25,0.005226480836236934,0.9448081177182684,0.18006430868167203
26,0.005662020905923345,0.9447389401898059,0.18006430868167203
27,0.005662020905923345,0.9447188544039009,0.18060021436227225
28,0.006097560975609756,0.9442394369930699,0.18060021436227225
29,0.006097560975609756,0.936767032784042,0.20364415862808147
30,0.006533101045296167,0.9365235725793805,0.20364415862808147
31,0.006533101045296167,0.9359972972797846,0.20685959271168275
32,0.006968641114982578,0.9359933965780048,0.20685959271168275
33,0.006968641114982578,0.9331296113580521,0.21811361200428725
34,0.007404181184668989,0.9331232360889726,0.21811361200428725
35,0.007404181184668989,0.9316088068018055,0.2207931404072883
36,0.0078397212543554,0.9313847791893594,0.2207931404072883
37,0.0078397212543554,0.9310254554174968,0.22186495176848875
38,0.008275261324041812,0.9305662753765461,0.22186495176848875
39,0.008275261324041812,0.9228471497430195,0.2395498392282958
40,0.008710801393728223,0.9227676429654186,0.2395498392282958
41,0.008710801393728223,0.9212926954205667,0.2422293676312969
42,0.009146341463414634,0.9212806699588902,0.2422293676312969
43,0.009146341463414634,0.915782779963701,0.25241157556270094
44,0.009581881533101045,0.9150120651478397,0.25241157556270094
45,0.009581881533101045,0.9133236843075663,0.2572347266881029
46,0.010017421602787456,0.913205275003683,0.2572347266881029
47,0.010017421602787456,0.9110249955174057,0.2620578778135048
48,0.010452961672473868,0.9109992961007106,0.2620578778135048
49,0.010452961672473868,0.9015399299271184,0.2792068595927117
50,0.01088850174216028,0.9011707335708514,0.2792068595927117
51,0.01088850174216028,0.9004415969184414,0.2808145766345123
52,0.01132404181184669,0.9003454701208138,0.2808145766345123
53,0.01132404181184669,0.8985548645760113,0.2840300107181136
54,0.011759581881533102,0.8983563463184931,0.2840300107181136
55,0.011759581881533102,0.8952642598643072,0.29314040728831725
56,0.012195121951219513,0.8951487023865193,0.29314040728831725
57,0.012195121951219513,0.8914415750426771,0.30385852090032156
58,0.012630662020905924,0.8912275047361397,0.30385852090032156
59,0.012630662020905924,0.8907426737446384,0.3054662379421222
60,0.013066202090592335,0.8907041878034644,0.3054662379421222
61,0.013066202090592335,0.885174284459156,0.3204715969989282
62,0.013501742160278746,0.8850293845322317,0.3204715969989282
63,0.013501742160278746,0.8841937995844836,0.3220793140407288
64,0.013937282229965157,0.8839665776994124,0.3220793140407288
65,0.013937282229965157,0.883518627435022,0.32315112540192925
66,0.014372822299651568,0.8830540045817771,0.32315112540192925
67,0.014372822299651568,0.8825269243337073,0.3242229367631297
68,0.014808362369337979,0.8822502612546352,0.3242229367631297
69,0.014808362369337979,0.8806573543329286,0.32636655948553056
70,0.01524390243902439,0.8806211496316065,0.32636655948553056
71,0.01524390243902439,0.8805816418958482,0.32690246516613075
72,0.0156794425087108,0.8802953084166585,0.32690246516613075
73,0.0156794425087108,0.8775325755044725,0.33011789924973206
74,0.016114982578397212,0.8773055287015182,0.33011789924973206
75,0.016114982578397212,0.8771955834702239,0.33065380493033225
76,0.016550522648083623,0.8758174783222006,0.33065380493033225
77,0.016550522648083623,0.8749027521914794,0.3317256162915327
78,0.016986062717770034,0.8744039300620922,0.3317256162915327
79,0.016986062717770034,0.8722115621717897,0.33440514469453375
80,0.017421602787456445,0.8721766332746508,0.33440514469453375
81,0.017421602787456445,0.8714963777691686,0.33762057877813506
82,0.017857142857142856,0.8705107581467468,0.33762057877813506
83,0.017857142857142856,0.8688751027475586,0.3397642015005359
84,0.018292682926829267,0.8688245434364313,0.3397642015005359
85,0.018292682926829267,0.8680080215049287,0.34137191854233656
86,0.018728222996515678,0.8679706925830768,0.34137191854233656
87,0.018728222996515678,0.8671650059470852,0.3429796355841372
88,0.01916376306620209,0.8667431373462626,0.3429796355841372
89,0.01916376306620209,0.8652359703489765,0.3461950696677385
90,0.0195993031358885,0.8647670320052081,0.3461950696677385
91,0.0195993031358885,0.8638965414637497,0.34941050375133975
92,0.02003484320557491,0.8636737822931091,0.34941050375133975
93,0.02003484320557491,0.8615937493040603,0.35316184351554125
94,0.020470383275261322,0.8611263662035193,0.35316184351554125
95,0.020470383275261322,0.8610775249849857,0.3542336548767417
96,0.020905923344947737,0.8603296753226899,0.3542336548767417
97,0.020905923344947737,0.8592217072125008,0.3558413719185423
98,0.021341463414634148,0.8588813712196676,0.3558413719185423
99,0.021341463414634148,0.8570831662107867,0.3579849946409432
100,0.02177700348432056,0.857037595098105,0.3579849946409432
101,0.02177700348432056,0.8567897789075737,0.3590568060021436
102,0.02221254355400697,0.8565612282225794,0.3590568060021436
103,0.02221254355400697,0.8561082639063222,0.3595927116827438
104,0.02264808362369338,0.8557497419583743,0.3595927116827438
105,0.02264808362369338,0.8538152231327805,0.36387995712754556
106,0.023083623693379792,0.8537559242002092,0.36387995712754556
107,0.023083623693379792,0.8535848652044848,0.3654876741693462
108,0.023519163763066203,0.8535242101983198,0.3654876741693462
109,0.023519163763066203,0.8532594183608542,0.36602357984994643
110,0.023954703832752614,0.8531953619968846,0.36602357984994643
111,0.023954703832752614,0.8479834207437038,0.37566988210075025
112,0.024390243902439025,0.8477847614180143,0.37566988210075025
113,0.024390243902439025,0.8467207275317293,0.37727759914255093
114,0.024825783972125436,0.8463455912934073,0.37727759914255093
115,0.024825783972125436,0.8455689256640354,0.379957127545552
116,0.025261324041811847,0.8454172411147046,0.379957127545552
117,0.025261324041811847,0.8429298804310547,0.3853161843515541
118,0.02569686411149826,0.8428240761517508,0.3853161843515541
119,0.02569686411149826,0.8402218683191753,0.39228295819935693
120,0.02613240418118467,0.8402014581755519,0.39228295819935693
121,0.02613240418118467,0.837322703974498,0.39764201500535906
122,0.02656794425087108,0.8372321908452838,0.39764201500535906
123,0.02656794425087108,0.8362450882595422,0.39978563772775993
124,0.02700348432055749,0.836179982783101,0.39978563772775993
125,0.02700348432055749,0.8340695190701508,0.40353697749196143
126,0.027439024390243903,0.8333114882910944,0.40353697749196143
127,0.027439024390243903,0.8316777604211325,0.40943193997856375
128,0.028310104529616725,0.8312845304707086,0.40943193997856375
129,0.028310104529616725,0.8309519649261846,0.4105037513397642
130,0.028745644599303136,0.8307550193383157,0.4105037513397642
131,0.028745644599303136,0.8303118788678463,0.41211146838156487
132,0.029181184668989547,0.8298621819845354,0.41211146838156487
133,0.029181184668989547,0.8294151971509274,0.41264737406216506
134,0.029616724738675958,0.8291490599845792,0.41264737406216506
135,0.029616724738675958,0.8257570007214478,0.417470525187567
136,0.03048780487804878,0.8246189843491591,0.417470525187567
137,0.03048780487804878,0.8229998743295766,0.4217577706323687
138,0.03092334494773519,0.8227589125706206,0.4217577706323687
139,0.03092334494773519,0.8216413490292028,0.42336548767416937
140,0.0313588850174216,0.8210548764603193,0.42336548767416937
141,0.0313588850174216,0.8187095518047358,0.4287245444801715
142,0.031794425087108016,0.8186113323896265,0.4287245444801715
143,0.031794425087108016,0.8184991634928747,0.4292604501607717
144,0.03266550522648084,0.8176747869168526,0.4292604501607717
145,0.03266550522648084,0.8168435730515982,0.43140407288317256
146,0.033101045296167246,0.8167860861411207,0.43140407288317256
147,0.033101045296167246,0.8136434467294131,0.43515541264737406
148,0.03353658536585366,0.8135965416511436,0.43515541264737406
149,0.03353658536585366,0.8117578677243369,0.4405144694533762
150,0.03397212543554007,0.8115686481396938,0.4405144694533762
151,0.03397212543554007,0.8084326912560721,0.4453376205787781
152,0.03440766550522648,0.8079195831111069,0.4453376205787781
153,0.03440766550522648,0.8062290011959576,0.44694533762057875
154,0.03484320557491289,0.8055222817963843,0.44694533762057875
155,0.03484320557491289,0.805114582892372,0.447481243301179
156,0.035278745644599305,0.8050325044420127,0.447481243301179
157,0.035278745644599305,0.8042122291883992,0.4512325830653805
158,0.03571428571428571,0.8039963032760545,0.4512325830653805
159,0.03571428571428571,0.8026385074653556,0.45391211146838156
160,0.03614982578397213,0.8025562239923411,0.45391211146838156
161,0.03614982578397213,0.8022009677320613,0.45444801714898175
162,0.036585365853658534,0.8021855443474227,0.45444801714898175
163,0.036585365853658534,0.7996058211914883,0.4592711682743837
164,0.03702090592334495,0.7993448627718784,0.4592711682743837
165,0.03702090592334495,0.7951961766274174,0.4667738478027867
166,0.03789198606271777,0.7944981268709426,0.4667738478027867
167,0.03789198606271777,0.7915038755019491,0.47266881028938906
168,0.03832752613240418,0.7914432025208324,0.47266881028938906
169,0.03832752613240418,0.7906785503841042,0.4732047159699893
170,0.03876306620209059,0.7904332264569813,0.4732047159699893
171,0.03876306620209059,0.7897745733998217,0.4737406216505895
172,0.039198606271777,0.7897052367275244,0.4737406216505895
173,0.039198606271777,0.7889045730823072,0.4758842443729904
174,0.039634146341463415,0.7887596518559024,0.4758842443729904
175,0.039634146341463415,0.7881692101637339,0.4790996784565916
176,0.04050522648083624,0.7878628115755317,0.4790996784565916
177,0.04050522648083624,0.7873615449747359,0.4807073954983923
178,0.040940766550522645,0.787163321437865,0.4807073954983923
179,0.040940766550522645,0.785694813051506,0.484994640943194
180,0.04137630662020906,0.7856874510890656,0.484994640943194
181,0.04137630662020906,0.7850931953429481,0.4866023579849946
182,0.041811846689895474,0.7850830993614044,0.4866023579849946
183,0.041811846689895474,0.7799792042706674,0.49732047159699894
184,0.042682926829268296,0.7794291705775408,0.49732047159699894
185,0.042682926829268296,0.7789753436413918,0.4978563772775991
186,0.043118466898954703,0.7787819542196194,0.4978563772775991
187,0.043118466898954703,0.7767310076676589,0.5010718113612004
188,0.04355400696864112,0.7764660556065242,0.5010718113612004
189,0.04355400696864112,0.7760460131936483,0.5026795284030011
190,0.043989547038327526,0.7751049014278779,0.5026795284030011
191,0.043989547038327526,0.772758030035104,0.5085744908896034
192,0.04442508710801394,0.7725049637915915,0.5085744908896034
193,0.04442508710801394,0.7724112709516344,0.5096463022508039
194,0.04486062717770035,0.7720220380476904,0.5096463022508039
195,0.04486062717770035,0.7716187238890209,0.5101822079314041
196,0.04529616724738676,0.7713146513847605,0.5101822079314041
197,0.04529616724738676,0.7699221658756754,0.5128617363344051
198,0.04573170731707317,0.7698639656437087,0.5128617363344051
199,0.04573170731707317,0.7681605431301177,0.5166130760986066
200,0.047038327526132406,0.7675744548490454,0.5166130760986066
201,0.047038327526132406,0.7628922187487591,0.5251875669882101
202,0.047473867595818814,0.7628679241386634,0.5251875669882101
203,0.047473867595818814,0.7626954894719704,0.5257234726688103
204,0.04790940766550523,0.7618210093372766,0.5257234726688103
205,0.04790940766550523,0.7607653010650701,0.5289389067524116
206,0.048344947735191636,0.7601895451598149,0.5289389067524116
207,0.048344947735191636,0.7595806165461266,0.5310825294748124
208,0.04878048780487805,0.7590506701590474,0.5310825294748124
209,0.04878048780487805,0.7579924324150366,0.5337620578778135
210,0.04921602787456446,0.7579445026158561,0.5337620578778135
211,0.04921602787456446,0.7574992726946367,0.5348338692390139
212,0.04965156794425087,0.7572738692224009,0.5348338692390139
213,0.04965156794425087,0.7556106212611042,0.537513397642015
214,0.05008710801393728,0.7552442858728006,0.537513397642015
215,0.05008710801393728,0.7550886105126047,0.5380493033226152
216,0.050522648083623695,0.754370234019811,0.5380493033226152
217,0.050522648083623695,0.751862331171744,0.5444801714898178
218,0.0509581881533101,0.7518429160334135,0.5444801714898178
219,0.0509581881533101,0.7507668576770605,0.5471596998928189
220,0.05139372822299652,0.750729868868797,0.5471596998928189
221,0.05139372822299652,0.7502224750438599,0.5482315112540193
222,0.051829268292682924,0.7501603300014812,0.5482315112540193
223,0.051829268292682924,0.745895820108887,0.5535905680600214
224,0.05226480836236934,0.7458544383622403,0.5535905680600214
225,0.05226480836236934,0.7449980543709014,0.5551982851018221
226,0.052700348432055746,0.7446655362355733,0.5551982851018221
227,0.052700348432055746,0.743586477346258,0.5562700964630225
228,0.05357142857142857,0.7428273126662889,0.5562700964630225
229,0.05357142857142857,0.741894523058023,0.5568060021436227
230,0.05400696864111498,0.7416443185977446,0.5568060021436227
231,0.05400696864111498,0.7403450026805343,0.5589496248660236
232,0.05444250871080139,0.7402751886341042,0.5589496248660236
233,0.05444250871080139,0.7401010192480789,0.560021436227224
234,0.05531358885017421,0.7399904862904718,0.560021436227224
235,0.05531358885017421,0.739688425906466,0.5605573419078242
236,0.05574912891986063,0.7395823014199114,0.5605573419078242
237,0.05574912891986063,0.7395443460869852,0.5610932475884244
238,0.05618466898954704,0.7393974374532816,0.5610932475884244
239,0.05618466898954704,0.7392901421768237,0.5616291532690246
240,0.05662020905923345,0.7391244577054482,0.5616291532690246
241,0.05662020905923345,0.7386180960980795,0.5627009646302251
242,0.05749128919860627,0.7375057551543416,0.5627009646302251
243,0.05749128919860627,0.7374509344133863,0.5632368703108253
244,0.05836236933797909,0.7359364941589764,0.5632368703108253
245,0.05836236933797909,0.732786603268072,0.5696677384780279
246,0.05879790940766551,0.7327452467783265,0.5696677384780279
247,0.05879790940766551,0.7326518864535138,0.5707395498392283
248,0.059233449477351915,0.7326194621974691,0.5707395498392283
249,0.059233449477351915,0.7317179991583525,0.572347266881029
250,0.05966898954703833,0.7310505931786612,0.572347266881029
251,0.05966898954703833,0.7285615912757978,0.5787781350482315
252,0.06010452961672474,0.7282113409984908,0.5787781350482315
253,0.06010452961672474,0.7281772466210137,0.5793140407288317
254,0.06054006968641115,0.7281074281547506,0.5793140407288317
255,0.06054006968641115,0.7263379462982119,0.5814576634512326
256,0.06097560975609756,0.7261777431372529,0.5814576634512326
257,0.06097560975609756,0.7258886015079479,0.5836012861736335
258,0.061411149825783974,0.7256896295487794,0.5836012861736335
259,0.061411149825783974,0.72498870489362,0.5852090032154341
260,0.06184668989547038,0.7238238996531308,0.5852090032154341
261,0.06184668989547038,0.7235886968621356,0.5857449088960343
262,0.062282229965156796,0.7234891767317788,0.5857449088960343
263,0.062282229965156796,0.7227857606392841,0.5878885316184351
264,0.0627177700348432,0.7220978401047441,0.5878885316184351
265,0.0627177700348432,0.7218161706674394,0.5889603429796356
266,0.06358885017421603,0.7214927968193323,0.5889603429796356
267,0.06358885017421603,0.7195835681354587,0.5932475884244373
268,0.06445993031358885,0.7192574815100929,0.5932475884244373
269,0.06445993031358885,0.7181401485652131,0.594855305466238
270,0.06489547038327526,0.7179506567089959,0.594855305466238
271,0.06489547038327526,0.7179211075045789,0.5953912111468381
272,0.06533101045296168,0.7178909566673031,0.5953912111468381
273,0.06533101045296168,0.7168265800183059,0.5991425509110396
274,0.06576655052264808,0.7164672928767246,0.5991425509110396
275,0.06576655052264808,0.7155915825158857,0.6007502679528403
276,0.06620209059233449,0.7155027604798321,0.6007502679528403
277,0.06620209059233449,0.7151020392191948,0.6012861736334405
278,0.06707317073170732,0.714873398856224,0.6012861736334405
279,0.06707317073170732,0.714545704363021,0.6018220793140407
280,0.06750871080139373,0.7141669686340824,0.6018220793140407
281,0.06750871080139373,0.7128299644725143,0.6045016077170418
282,0.06794425087108014,0.7128093118373195,0.6045016077170418
283,0.06794425087108014,0.7066568087745068,0.6130760986066452
284,0.06837979094076654,0.706605265186917,0.6130760986066452
285,0.06837979094076654,0.7064804106043266,0.6136120042872455
286,0.06881533101045297,0.7060217894451878,0.6136120042872455
287,0.06881533101045297,0.705956782391115,0.6141479099678456
288,0.0701219512195122,0.7050146153314616,0.6141479099678456
289,0.0701219512195122,0.7047350030703928,0.6152197213290461
290,0.07055749128919861,0.7039919869068917,0.6152197213290461
291,0.07055749128919861,0.7020550023268254,0.6195069667738478
292,0.07186411149825785,0.7011890335660724,0.6195069667738478
293,0.07186411149825785,0.7002494566199691,0.6205787781350482
294,0.07229965156794425,0.6995543276320892,0.6205787781350482
295,0.07229965156794425,0.6977704592110849,0.6221864951768489
296,0.07273519163763066,0.6975049471652284,0.6221864951768489
297,0.07273519163763066,0.6963868056112523,0.62486602357985
298,0.07317073170731707,0.6963725255908382,0.62486602357985
299,0.07317073170731707,0.695718600182575,0.6259378349410504
300,0.07360627177700349,0.6956136623142326,0.6259378349410504
301,0.07360627177700349,0.6953361825602693,0.6264737406216506
302,0.0744773519163763,0.6951027540791784,0.6264737406216506
303,0.0744773519163763,0.6932453521794019,0.6302250803858521
304,0.07491289198606271,0.6931852094040915,0.6302250803858521
305,0.07491289198606271,0.6906526291309985,0.635048231511254
306,0.07534843205574913,0.6905119379752653,0.635048231511254
307,0.07534843205574913,0.6901482232621076,0.6355841371918542
308,0.07578397212543554,0.6895820997658648,0.6355841371918542
309,0.07578397212543554,0.6889341742943247,0.6387995712754555
310,0.07665505226480836,0.6885438770325089,0.6387995712754555
311,0.07665505226480836,0.6879968214983443,0.6404072883172561
312,0.07709059233449478,0.6878370711908387,0.6404072883172561
313,0.07709059233449478,0.6853543647661113,0.6463022508038585
314,0.07752613240418119,0.6853022766252925,0.6463022508038585
315,0.07752613240418119,0.681535469870445,0.65005359056806
316,0.0779616724738676,0.6812620626513372,0.65005359056806
317,0.0779616724738676,0.6810196730056708,0.6505894962486602
318,0.078397212543554,0.6805906299708051,0.6505894962486602
319,0.078397212543554,0.6801999154264085,0.6511254019292605
320,0.07883275261324042,0.680135418143019,0.6511254019292605
321,0.07883275261324042,0.6798295930765095,0.6521972132904609
322,0.07926829268292683,0.6795758840722487,0.6521972132904609
323,0.07926829268292683,0.6765672670796589,0.6543408360128617
324,0.07970383275261324,0.6764773932719896,0.6543408360128617
325,0.07970383275261324,0.6762932529444079,0.654876741693462
326,0.08013937282229965,0.6753218971732351,0.654876741693462
327,0.08013937282229965,0.6745996178812951,0.6554126473740621
328,0.08057491289198607,0.6743693204108949,0.6554126473740621
329,0.08057491289198607,0.6733514869499124,0.657556270096463
330,0.08101045296167247,0.6723532797136109,0.657556270096463
331,0.08101045296167247,0.6723064210604901,0.6580921757770632
332,0.08188153310104529,0.6719442627497265,0.6580921757770632
333,0.08188153310104529,0.6712568428764164,0.6602357984994641
334,0.08231707317073171,0.670893815788532,0.6602357984994641
335,0.08231707317073171,0.670713071747424,0.6607717041800643
336,0.08318815331010453,0.6699534803429457,0.6607717041800643
337,0.08318815331010453,0.6687202607481257,0.6634512325830654
338,0.08405923344947736,0.6673627373264363,0.6634512325830654
339,0.08405923344947736,0.6665783703962199,0.665058949624866
340,0.08449477351916376,0.6661915692398519,0.665058949624866
341,0.08449477351916376,0.6651717519907588,0.6682743837084673
342,0.08536585365853659,0.6640769351469463,0.6682743837084673
343,0.08536585365853659,0.6628831850878846,0.6714898177920686
344,0.08710801393728224,0.661595908298146,0.6714898177920686
345,0.08710801393728224,0.660319768202699,0.6747052518756699
346,0.08754355400696864,0.6603128140257294,0.6747052518756699
347,0.08754355400696864,0.6561545635470947,0.677384780278671
348,0.08797909407665505,0.6554611559918437,0.677384780278671
349,0.08797909407665505,0.6553675498116814,0.6784565916398714
350,0.08885017421602788,0.6547675843486245,0.6784565916398714
351,0.08885017421602788,0.6546957769841717,0.6789924973204716
352,0.08928571428571429,0.6529872054030365,0.6789924973204716
353,0.08928571428571429,0.6525320510320853,0.680064308681672
354,0.0897212543554007,0.6522238511323389,0.680064308681672
355,0.0897212543554007,0.6497264014811373,0.6854233654876741
356,0.0901567944250871,0.6493225103211469,0.6854233654876741
357,0.0901567944250871,0.6490874960598122,0.6859592711682744
358,0.09059233449477352,0.6485287926686794,0.6859592711682744
359,0.09059233449477352,0.6482003499371974,0.687566988210075
360,0.09102787456445993,0.6478718910106079,0.687566988210075
361,0.09102787456445993,0.6473616393926946,0.6891747052518756
362,0.09146341463414634,0.6469954670364653,0.6891747052518756
363,0.09146341463414634,0.6463159597548334,0.6907824222936764
364,0.09189895470383275,0.6460990615918935,0.6907824222936764
365,0.09189895470383275,0.6444784193949857,0.6945337620578779
366,0.09233449477351917,0.6443859426688126,0.6945337620578779
367,0.09233449477351917,0.6442751157772456,0.695069667738478
368,0.09277003484320558,0.6423366678598732,0.695069667738478
369,0.09277003484320558,0.6416067120750159,0.6961414790996785
370,0.09320557491289198,0.6412785985713303,0.6961414790996785
371,0.09320557491289198,0.6393492728347402,0.6988210075026795
372,0.09364111498257839,0.6392123409018584,0.6988210075026795
373,0.09364111498257839,0.6362986135100257,0.7041800643086816
374,0.09451219512195122,0.6361633654262836,0.7041800643086816
375,0.09451219512195122,0.634499120400682,0.7079314040728831
376,0.09494773519163763,0.6340947521917447,0.7079314040728831
377,0.09494773519163763,0.6313778277171097,0.7106109324758842
378,0.09538327526132404,0.6312036113046041,0.7106109324758842
379,0.09538327526132404,0.6300282754219364,0.7122186495176849
380,0.09581881533101046,0.6300064685811259,0.7122186495176849
381,0.09581881533101046,0.6271985829812989,0.714898177920686
382,0.09625435540069686,0.6266037467470692,0.714898177920686
383,0.09625435540069686,0.6244126238480668,0.7181136120042872
384,0.09668989547038327,0.6242921501948072,0.7181136120042872
385,0.09668989547038327,0.6238855189877511,0.7197213290460879
386,0.09712543554006968,0.6237466925573385,0.7197213290460879
387,0.09712543554006968,0.6235434687395054,0.7202572347266881
388,0.0975609756097561,0.6234798534225607,0.7202572347266881
389,0.0975609756097561,0.6219889793277201,0.7218649517684887
390,0.09799651567944251,0.6217448138913229,0.7218649517684887
391,0.09799651567944251,0.6205362866338651,0.722400857449089
392,0.09843205574912892,0.6202686323213961,0.722400857449089
393,0.09843205574912892,0.6165357338008635,0.7282958199356914
394,0.10017421602787456,0.6151776389083374,0.7282958199356914
395,0.10017421602787456,0.6147265487841279,0.7293676312968917
396,0.10060975609756098,0.6145736206650806,0.7293676312968917
397,0.10060975609756098,0.6144053040051526,0.7304394426580921
398,0.1014808362369338,0.6140354140166342,0.7304394426580921
399,0.1014808362369338,0.6125112009110146,0.7347266881028939
400,0.1019163763066202,0.6118444477051306,0.7347266881028939
401,0.1019163763066202,0.6096133931570602,0.7368703108252947
402,0.10235191637630663,0.6091456813179082,0.7368703108252947
403,0.10235191637630663,0.6069001974128613,0.740085744908896
404,0.10278745644599303,0.6067509970344926,0.740085744908896
405,0.10278745644599303,0.6038703267715354,0.7443729903536977
406,0.10365853658536585,0.6036137666199587,0.7443729903536977
407,0.10365853658536585,0.6006004433485655,0.7491961414790996
408,0.10409407665505227,0.6004045277915796,0.7491961414790996
409,0.10409407665505227,0.6001886707334348,0.7497320471596999
410,0.10452961672473868,0.5986327393800489,0.7497320471596999
411,0.10452961672473868,0.5985028346627911,0.7502679528403001
412,0.10496515679442509,0.5984928342288418,0.7502679528403001
413,0.10496515679442509,0.597991203608915,0.7513397642015005
414,0.10583623693379791,0.5969172840166672,0.7513397642015005
415,0.10583623693379791,0.5949430104389637,0.755091103965702
416,0.10757839721254356,0.5940224909305171,0.755091103965702
417,0.10757839721254356,0.5936813058709719,0.7556270096463023
418,0.10888501742160278,0.5928166149523237,0.7556270096463023
419,0.10888501742160278,0.5924796914501345,0.7561629153269025
420,0.10975609756097561,0.5906399025706639,0.7561629153269025
421,0.10975609756097561,0.5895241283703042,0.7577706323687031
422,0.11019163763066202,0.5894266481768557,0.7577706323687031
423,0.11019163763066202,0.5890981237662601,0.7588424437299035
424,0.11062717770034843,0.5889074536459072,0.7588424437299035
425,0.11062717770034843,0.5870906285164176,0.7609860664523044
426,0.11106271777003485,0.5870625354297704,0.7609860664523044
427,0.11106271777003485,0.5866761276775215,0.7615219721329046
428,0.11149825783972125,0.5863799327427908,0.7615219721329046
429,0.11149825783972125,0.5861960328514416,0.7620578778135049
430,0.11193379790940766,0.5861134176128693,0.7620578778135049
431,0.11193379790940766,0.5855417548865465,0.7631296891747053
432,0.11236933797909408,0.5854372962517822,0.7631296891747053
433,0.11236933797909408,0.5831690349570638,0.7647374062165059
434,0.1132404181184669,0.5824928825909563,0.7647374062165059
435,0.1132404181184669,0.5821166509075096,0.7652733118971061
436,0.1136759581881533,0.5816701009582935,0.7652733118971061
437,0.1136759581881533,0.5809370101341618,0.7668810289389068
438,0.11411149825783973,0.5808440280411928,0.7668810289389068
439,0.11411149825783973,0.5803693840708062,0.7684887459807074
440,0.11454703832752614,0.5798687308923657,0.7684887459807074
441,0.11454703832752614,0.5783751487627365,0.770096463022508
442,0.11498257839721254,0.577595745631133,0.770096463022508
443,0.11498257839721254,0.5775904891903834,0.7706323687031083
444,0.11585365853658537,0.5771031262182735,0.7706323687031083
445,0.11585365853658537,0.5763014567806827,0.7711682743837085
446,0.1171602787456446,0.5751559114994071,0.7711682743837085
447,0.1171602787456446,0.574353418776032,0.7743837084673098
448,0.11759581881533102,0.5741138126274948,0.7743837084673098
449,0.11759581881533102,0.5738642998675969,0.77491961414791
450,0.11803135888501742,0.5737834312801146,0.77491961414791
451,0.11803135888501742,0.5732852128190961,0.7754555198285101
452,0.11846689895470383,0.5731931557655018,0.7754555198285101
453,0.11846689895470383,0.5729424887017768,0.7765273311897106
454,0.11890243902439024,0.5723053467604463,0.7765273311897106
455,0.11890243902439024,0.5720558632293289,0.7770632368703109
456,0.11933797909407666,0.5719160541999112,0.7770632368703109
457,0.11933797909407666,0.5707841440683468,0.7781350482315113
458,0.11977351916376307,0.5702428855008933,0.7781350482315113
459,0.11977351916376307,0.569076362770816,0.7802786709539121
460,0.12064459930313588,0.568096137253175,0.7802786709539121
461,0.12064459930313588,0.5673484792924617,0.7813504823151125
462,0.1210801393728223,0.567149553927769,0.7813504823151125
463,0.1210801393728223,0.567038922694772,0.7818863879957128
464,0.12151567944250871,0.5668250514113552,0.7818863879957128
465,0.12151567944250871,0.5661586711672051,0.782422293676313
466,0.12238675958188153,0.5652960172435643,0.782422293676313
467,0.12238675958188153,0.5648499754813601,0.7834941050375134
468,0.12282229965156795,0.5645285126130202,0.7834941050375134
469,0.12282229965156795,0.564016662038094,0.785101822079314
470,0.12325783972125436,0.5639421774456236,0.785101822079314
471,0.12325783972125436,0.5612962797891631,0.7893890675241158
472,0.125,0.5572517236358691,0.7893890675241158
473,0.125,0.5564194420667262,0.7904608788853161
474,0.12587108013937282,0.5557860914809254,0.7904608788853161
475,0.12587108013937282,0.5548579041073883,0.7915326902465166
476,0.12630662020905922,0.5546949537964623,0.7915326902465166
477,0.12630662020905922,0.554298147766079,0.7920685959271169
478,0.12674216027874566,0.554161114981,0.7920685959271169
479,0.12674216027874566,0.5531602435125734,0.7931404072883173
480,0.12761324041811847,0.5520880233541984,0.7931404072883173
481,0.12761324041811847,0.5505024669596577,0.7963558413719185
482,0.12804878048780488,0.5504324873629733,0.7963558413719185
483,0.12804878048780488,0.5502256000632629,0.7968917470525188
484,0.1284843205574913,0.5498037037158621,0.7968917470525188
485,0.1284843205574913,0.5490813247633497,0.797427652733119
486,0.1289198606271777,0.5489320548316675,0.797427652733119
487,0.1289198606271777,0.5481454437750954,0.7984994640943194
488,0.1293554006968641,0.5478902794110148,0.7984994640943194
489,0.1293554006968641,0.5476401377619816,0.7990353697749196
490,0.13109756097560976,0.5471303989401849,0.7990353697749196
491,0.13109756097560976,0.5454716380476243,0.8006430868167203
492,0.13196864111498258,0.5452989315904557,0.8006430868167203
493,0.13196864111498258,0.54510806970157,0.8017148981779206
494,0.13240418118466898,0.5446403071748281,0.8017148981779206
495,0.13240418118466898,0.5443577305632251,0.8033226152197214
496,0.1332752613240418,0.5437479693346406,0.8033226152197214
497,0.1332752613240418,0.5426343290917609,0.8038585209003215
498,0.13371080139372823,0.5426247117573137,0.8038585209003215
499,0.13371080139372823,0.5416442381187797,0.804930332261522
500,0.13414634146341464,0.5415878405033205,0.804930332261522
501,0.13414634146341464,0.5412720346951954,0.8054662379421221
502,0.13501742160278746,0.5410691723964769,0.8054662379421221
503,0.13501742160278746,0.5409269679108548,0.8065380493033226
504,0.13545296167247386,0.5405018984589175,0.8065380493033226
505,0.13545296167247386,0.540401784231741,0.8070739549839229
506,0.13588850174216027,0.5399380956564803,0.8070739549839229
507,0.13588850174216027,0.5397118942360141,0.807609860664523
508,0.13719512195121952,0.5387926926088237,0.807609860664523
509,0.13719512195121952,0.5375888707453741,0.8097534833869239
510,0.13763066202090593,0.5371672035697392,0.8097534833869239
511,0.13763066202090593,0.5358819715504151,0.8129689174705252
512,0.13850174216027875,0.5350101102462157,0.8129689174705252
513,0.13850174216027875,0.5348580846343144,0.8135048231511254
514,0.13893728222996515,0.5338489052872579,0.8135048231511254
515,0.13893728222996515,0.5334794490495737,0.8140407288317256
516,0.13937282229965156,0.5334555669411222,0.8140407288317256
517,0.13937282229965156,0.5333111576198392,0.815112540192926
518,0.1406794425087108,0.5324444747421764,0.815112540192926
519,0.1406794425087108,0.5324089621015339,0.8156484458735263
520,0.14111498257839722,0.5318354630754109,0.8156484458735263
521,0.14111498257839722,0.531550335152022,0.8167202572347267
522,0.14285714285714285,0.5300196855446295,0.8167202572347267
523,0.14285714285714285,0.5294365752107506,0.8172561629153269
524,0.1437282229965157,0.5281862697138732,0.8172561629153269
525,0.1437282229965157,0.5274183069526576,0.8177920685959271
526,0.1441637630662021,0.5261703501152918,0.8177920685959271
527,0.1441637630662021,0.5261634802346562,0.8183279742765274
528,0.14590592334494773,0.5244912756743219,0.8183279742765274
529,0.14590592334494773,0.5241064860207648,0.8188638799571275
530,0.14634146341463414,0.5238350460615494,0.8188638799571275
531,0.14634146341463414,0.5225632446894647,0.8220793140407289
532,0.14677700348432055,0.5224463294177757,0.8220793140407289
533,0.14677700348432055,0.5221576586695857,0.822615219721329
534,0.1476480836236934,0.5216949761146731,0.822615219721329
535,0.1476480836236934,0.5207184379262685,0.8236870310825295
536,0.1480836236933798,0.5206311196089313,0.8236870310825295
537,0.1480836236933798,0.5200755323516532,0.8242229367631297
538,0.1485191637630662,0.5200473325951669,0.8242229367631297
539,0.1485191637630662,0.5196834195309514,0.8252947481243301
540,0.14939024390243902,0.5185861339907331,0.8252947481243301
541,0.14939024390243902,0.518329789367306,0.8258306538049304
542,0.14982578397212543,0.5177945777784669,0.8258306538049304
543,0.14982578397212543,0.516177427459997,0.8269024651661308
544,0.15113240418118468,0.5149265839070464,0.8269024651661308
545,0.15113240418118468,0.5147487194468934,0.827438370846731
546,0.1524390243902439,0.5130707273194148,0.827438370846731
547,0.1524390243902439,0.5129171198682994,0.8279742765273312
548,0.1528745644599303,0.5125205923954936,0.8279742765273312
549,0.1528745644599303,0.5121767826552412,0.8285101822079314
550,0.15374564459930315,0.5118626354660787,0.8285101822079314
551,0.15374564459930315,0.5116477831194772,0.8290460878885316
552,0.15461672473867596,0.5106318446147354,0.8290460878885316
553,0.15461672473867596,0.5105082436920754,0.8295819935691319
554,0.15505226480836237,0.5103747621310576,0.8295819935691319
555,0.15505226480836237,0.5096594813279661,0.830117899249732
556,0.1559233449477352,0.5082424498088789,0.830117899249732
557,0.1559233449477352,0.5081434406622577,0.8306538049303323
558,0.1563588850174216,0.5081328613126328,0.8306538049303323
559,0.1563588850174216,0.5080135574975063,0.8317256162915327
560,0.15810104529616725,0.5059443323803344,0.8317256162915327
561,0.15810104529616725,0.5058871428437594,0.8322615219721329
562,0.15853658536585366,0.5055542810439667,0.8322615219721329
563,0.15853658536585366,0.5047196187047257,0.8333333333333334
564,0.15897212543554007,0.5041819454821972,0.8333333333333334
565,0.15897212543554007,0.5040587188445634,0.8338692390139335
566,0.15984320557491288,0.5030332132881453,0.8338692390139335
567,0.15984320557491288,0.5027155582029321,0.8344051446945338
568,0.16071428571428573,0.5018229622446553,0.8344051446945338
569,0.16071428571428573,0.5018190894592707,0.834941050375134
570,0.16245644599303136,0.4989094586114381,0.834941050375134
571,0.16245644599303136,0.4979575492761568,0.8370846730975349
572,0.16419860627177701,0.49752897554749204,0.8370846730975349
573,0.16419860627177701,0.49693483097621843,0.8381564844587353
574,0.16463414634146342,0.4967665356614197,0.8381564844587353
575,0.16463414634146342,0.4963411030637586,0.8386923901393355
576,0.16506968641114983,0.495703185472177,0.8386923901393355
577,0.16506968641114983,0.49559943470536255,0.8397642015005359
578,0.16594076655052264,0.4945194920582112,0.8397642015005359
579,0.16594076655052264,0.493246395410306,0.8419078242229368
580,0.16637630662020905,0.4932313114162,0.8419078242229368
581,0.16637630662020905,0.4918580535508707,0.8429796355841372
582,0.16681184668989546,0.49174983055594107,0.8429796355841372
583,0.16681184668989546,0.49156724433794896,0.8435155412647374
584,0.1676829268292683,0.49032906601937504,0.8435155412647374
585,0.1676829268292683,0.4895340012476485,0.8445873526259379
586,0.1681184668989547,0.4894258895472501,0.8445873526259379
587,0.1681184668989547,0.4889283505730859,0.8456591639871383
588,0.16855400696864112,0.48730928817265357,0.8456591639871383
589,0.16855400696864112,0.48711793666919156,0.8461950696677385
590,0.17029616724738675,0.485102430374016,0.8461950696677385
591,0.17029616724738675,0.484832793630287,0.8472668810289389
592,0.17073170731707318,0.48467477102147416,0.8472668810289389
593,0.17073170731707318,0.4846306215343368,0.8478027867095391
594,0.1711672473867596,0.48450701377458455,0.8478027867095391
595,0.1711672473867596,0.4843123021488176,0.8483386923901394
596,0.171602787456446,0.4842654660209038,0.8483386923901394
597,0.171602787456446,0.48390093384325605,0.8494105037513398
598,0.17290940766550522,0.4831154448374296,0.8494105037513398
599,0.17290940766550522,0.4802157600292363,0.8536977491961415
600,0.17465156794425088,0.47919207007518727,0.8536977491961415
601,0.17465156794425088,0.4790275874486088,0.8542336548767417
602,0.1755226480836237,0.4785238216742593,0.8542336548767417
603,0.1755226480836237,0.4781526408313969,0.8553054662379421
604,0.1763937282229965,0.4759138771383825,0.8553054662379421
605,0.1763937282229965,0.47545619765965214,0.8558413719185424
606,0.17682926829268292,0.47506765937249856,0.8558413719185424
607,0.17682926829268292,0.4748019532639162,0.8563772775991425
608,0.17726480836236932,0.47454196070571686,0.8563772775991425
609,0.17726480836236932,0.47348569728937656,0.8579849946409432
610,0.17770034843205576,0.47267509498330984,0.8579849946409432
611,0.17770034843205576,0.4719453304678877,0.8590568060021436
612,0.17857142857142858,0.4706741421814017,0.8590568060021436
613,0.17857142857142858,0.469447295927,0.8622722400857449
614,0.1794425087108014,0.46884524438163355,0.8622722400857449
615,0.1794425087108014,0.46851441377910347,0.8628081457663451
616,0.1798780487804878,0.46825471959075704,0.8628081457663451
617,0.1798780487804878,0.46797424728435755,0.8633440514469454
618,0.18205574912891986,0.46591486145362526,0.8633440514469454
619,0.18205574912891986,0.465380012985776,0.8644158628081458
620,0.1833623693379791,0.464738281944768,0.8644158628081458
621,0.1833623693379791,0.4644062941820475,0.864951768488746
622,0.18423344947735193,0.4636234386596248,0.864951768488746
623,0.18423344947735193,0.4631925861287758,0.8665594855305466
624,0.18554006968641115,0.4608203658822324,0.8665594855305466
625,0.18554006968641115,0.46029586377290144,0.867631296891747
626,0.18597560975609756,0.45984717211720305,0.867631296891747
627,0.18597560975609756,0.45908534774459586,0.8681672025723473
628,0.18728222996515678,0.4585895616810125,0.8681672025723473
629,0.18728222996515678,0.4582330852952457,0.8687031082529475
630,0.18771777003484322,0.4579380943938799,0.8687031082529475
631,0.18771777003484322,0.4579260924703096,0.8692390139335477
632,0.19076655052264807,0.45544314994679436,0.8692390139335477
633,0.19076655052264807,0.4526074500838566,0.8708467309753484
634,0.1916376306620209,0.452261685261494,0.8708467309753484
635,0.1916376306620209,0.4516521119583687,0.8713826366559485
636,0.19207317073170732,0.45090850355952605,0.8713826366559485
637,0.19207317073170732,0.4508680755801339,0.8719185423365488
638,0.1946864111498258,0.44950583280114176,0.8719185423365488
639,0.1946864111498258,0.4491226683829764,0.872454448017149
640,0.1951219512195122,0.4488188973967806,0.872454448017149
641,0.1951219512195122,0.44776690987847,0.8735262593783494
642,0.19773519163763068,0.4459940782143814,0.8735262593783494
643,0.19773519163763068,0.4452838531205097,0.8740621650589496
644,0.1986062717770035,0.44517267676685285,0.8740621650589496
645,0.1986062717770035,0.44429565647758856,0.87513397642015
646,0.1999128919860627,0.44315295086731116,0.87513397642015
647,0.1999128919860627,0.4428304115376719,0.8762057877813505
648,0.20165505226480837,0.4419603557569395,0.8762057877813505
649,0.20165505226480837,0.44188275479103256,0.8767416934619507
650,0.20252613240418119,0.4410671764628296,0.8767416934619507
651,0.20252613240418119,0.4407230448416321,0.8778135048231511
652,0.2038327526132404,0.43860967398684325,0.8778135048231511
653,0.2038327526132404,0.4377222293313908,0.8804930332261522
654,0.20513937282229966,0.43704928058698345,0.8804930332261522
655,0.20513937282229966,0.43495218663553326,0.8831725616291533
656,0.20557491289198607,0.43462642498606874,0.8831725616291533
657,0.20557491289198607,0.43333128047596675,0.8842443729903537
658,0.20905923344947736,0.4290387420872455,0.8842443729903537
659,0.20905923344947736,0.428741565423149,0.8847802786709539
660,0.21385017421602787,0.42539339240030893,0.8847802786709539
661,0.21385017421602787,0.4251075194780558,0.8853161843515541
662,0.2190766550522648,0.4211758429941917,0.8853161843515541
663,0.2190766550522648,0.4211734172369121,0.8858520900321544
664,0.21951219512195122,0.4210586737980743,0.8858520900321544
665,0.21951219512195122,0.420821268008768,0.8863879957127545
666,0.21994773519163763,0.4205130428003829,0.8863879957127545
667,0.21994773519163763,0.41967716388497256,0.8879957127545552
668,0.22038327526132404,0.41967336991477416,0.8879957127545552
669,0.22038327526132404,0.41915304861574787,0.8885316184351554
670,0.22081881533101044,0.41904655609984254,0.8885316184351554
671,0.22081881533101044,0.4189836471800007,0.8896034297963559
672,0.2225609756097561,0.41742889220923646,0.8896034297963559
673,0.2225609756097561,0.41729715770523473,0.890139335476956
674,0.2229965156794425,0.4172219502237023,0.890139335476956
675,0.2229965156794425,0.4167083839159892,0.8906752411575563
676,0.22343205574912892,0.4159959849630017,0.8906752411575563
677,0.22343205574912892,0.41598791364306664,0.8912111468381565
678,0.22386759581881532,0.4155013103683323,0.8912111468381565
679,0.22386759581881532,0.41529762100270673,0.8917470525187567
680,0.22430313588850173,0.41456638245182,0.8917470525187567
681,0.22430313588850173,0.4144739904210477,0.8922829581993569
682,0.22517421602787457,0.4134762945011751,0.8922829581993569
683,0.22517421602787457,0.41227055055511863,0.894962486602358
684,0.2260452961672474,0.41197164267083264,0.894962486602358
685,0.2260452961672474,0.4115496520397284,0.8965702036441586
686,0.2264808362369338,0.411296752532608,0.8965702036441586
687,0.2264808362369338,0.4106112586021937,0.8981779206859593
688,0.22822299651567945,0.4085021849456775,0.8981779206859593
689,0.22822299651567945,0.40841563715575246,0.8987138263665595
690,0.22909407665505227,0.4080909629172876,0.8987138263665595
691,0.22909407665505227,0.4067489584740121,0.9019292604501608
692,0.22952961672473868,0.4065011144051067,0.9019292604501608
693,0.22952961672473868,0.4053424822783894,0.9035369774919614
694,0.22996515679442509,0.4052427444060727,0.9035369774919614
695,0.22996515679442509,0.4046883595383478,0.9040728831725616
696,0.23301393728222997,0.4024146632425667,0.9040728831725616
697,0.23301393728222997,0.4023879110637669,0.9046087888531619
698,0.23344947735191637,0.40234716371352286,0.9046087888531619
699,0.23344947735191637,0.40230106123210435,0.905144694533762
700,0.23388501742160278,0.40201386996072147,0.905144694533762
701,0.23388501742160278,0.40181652937043516,0.9062165058949625
702,0.2347560975609756,0.4012310532959423,0.9062165058949625
703,0.2347560975609756,0.40005952654076465,0.9067524115755627
704,0.23562717770034844,0.3986376385355697,0.9067524115755627
705,0.23562717770034844,0.39846272824406653,0.9072883172561629
706,0.23780487804878048,0.39663908890180477,0.9072883172561629
707,0.23780487804878048,0.394789203878647,0.9083601286173634
708,0.23867595818815332,0.3946650442963584,0.9083601286173634
709,0.23867595818815332,0.3943480409082303,0.9088960342979635
710,0.24128919860627177,0.3929729037756503,0.9088960342979635
711,0.24128919860627177,0.39288003896652735,0.9094319399785638
712,0.24303135888501742,0.3924537570392646,0.9094319399785638
713,0.24303135888501742,0.39242402087518036,0.909967845659164
714,0.24346689895470383,0.3920426298567687,0.909967845659164
715,0.24346689895470383,0.3920113512331562,0.9105037513397642
716,0.2460801393728223,0.39018392727372697,0.9105037513397642
717,0.2460801393728223,0.3897410646956743,0.9110396570203644
718,0.2465156794425087,0.3891989273033938,0.9110396570203644
719,0.2465156794425087,0.38786377750792805,0.9121114683815649
720,0.24695121951219512,0.3874217098677165,0.9121114683815649
721,0.24695121951219512,0.3870147039199186,0.912647374062165
722,0.24825783972125434,0.38623234012851304,0.912647374062165
723,0.24825783972125434,0.3859005600957655,0.9131832797427653
724,0.25217770034843207,0.38329690632634883,0.9131832797427653
725,0.25217770034843207,0.3829024050616416,0.9137191854233655
726,0.25261324041811845,0.38168126396111607,0.9137191854233655
727,0.25261324041811845,0.3815533808155342,0.9142550911039657
728,0.2556620209059233,0.37952157546314136,0.9142550911039657
729,0.2556620209059233,0.3790374647595463,0.9153269024651661
730,0.25609756097560976,0.3789424214987094,0.9153269024651661
731,0.25609756097560976,0.3786569866472897,0.9158628081457664
732,0.2587108013937282,0.3762779739660386,0.9158628081457664
733,0.2587108013937282,0.3761593644536107,0.9163987138263665
734,0.26001742160278746,0.37519499433540915,0.9163987138263665
735,0.26001742160278746,0.3739970232551462,0.9180064308681672
736,0.2635017421602787,0.3704374965324556,0.9180064308681672
737,0.2635017421602787,0.3703587468130438,0.9185423365487674
738,0.2643728222996516,0.3697087590899115,0.9185423365487674
739,0.2643728222996516,0.36953066110965804,0.9190782422293676
740,0.2652439024390244,0.3694718468957736,0.9190782422293676
741,0.2652439024390244,0.3693434346587849,0.9196141479099679
742,0.27090592334494773,0.36376676929887003,0.9196141479099679
743,0.27090592334494773,0.3634654270905869,0.920150053590568
744,0.27264808362369336,0.361676308189511,0.920150053590568
745,0.27264808362369336,0.36151163313608625,0.9206859592711683
746,0.2730836236933798,0.3613774251131817,0.9206859592711683
747,0.2730836236933798,0.36097911193606863,0.9212218649517685
748,0.27526132404181186,0.35974507640855186,0.9212218649517685
749,0.27526132404181186,0.35973496067095256,0.9217577706323687
750,0.2774390243902439,0.3576054328369494,0.9217577706323687
751,0.2774390243902439,0.35716581234602235,0.9222936763129689
752,0.27918118466898956,0.35598192383762073,0.9222936763129689
753,0.27918118466898956,0.3559210768795551,0.9228295819935691
754,0.28310104529616725,0.3537697815490188,0.9228295819935691
755,0.28310104529616725,0.3534103074900645,0.9233654876741694
756,0.2865853658536585,0.34799462699666384,0.9233654876741694
757,0.2865853658536585,0.34712031397224247,0.92497320471597
758,0.28702090592334495,0.3461144757380798,0.92497320471597
759,0.28702090592334495,0.3454853736436255,0.9271168274383709
760,0.28789198606271776,0.3441890793685356,0.9271168274383709
761,0.28789198606271776,0.3432820381695626,0.9281886387995713
762,0.289198606271777,0.34233515165727757,0.9281886387995713
763,0.289198606271777,0.3420251521943675,0.9287245444801715
764,0.2922473867595819,0.33783759750519726,0.9287245444801715
765,0.2922473867595819,0.3370149029906622,0.9297963558413719
766,0.29878048780487804,0.33228027781149655,0.9297963558413719
767,0.29878048780487804,0.33221222446995696,0.9303322615219721
768,0.29965156794425085,0.33003541238373046,0.9303322615219721
769,0.29965156794425085,0.32957906133521286,0.9308681672025724
770,0.30052264808362367,0.3294618170456871,0.9308681672025724
771,0.30052264808362367,0.32943565122357127,0.9314040728831725
772,0.3009581881533101,0.32866969742822694,0.9314040728831725
773,0.3009581881533101,0.3285134128590773,0.9319399785637728
774,0.3018292682926829,0.328108482762033,0.9319399785637728
775,0.3018292682926829,0.3280220919529356,0.932475884244373
776,0.30313588850174217,0.3277739754794107,0.932475884244373
777,0.30313588850174217,0.32766700251399467,0.9330117899249732
778,0.3044425087108014,0.3271788409469851,0.9330117899249732
779,0.3044425087108014,0.3266011362403793,0.9335476956055734
780,0.3048780487804878,0.3263245532909183,0.9335476956055734
781,0.3048780487804878,0.3255465114406653,0.9346195069667739
782,0.3096689895470383,0.3226002013130862,0.9346195069667739
783,0.3096689895470383,0.3221608706739865,0.935155412647374
784,0.31097560975609756,0.3209926116506575,0.935155412647374
785,0.31097560975609756,0.32028805188792686,0.9356913183279743
786,0.3127177700348432,0.31938204282676463,0.9356913183279743
787,0.3127177700348432,0.31874724265588905,0.9367631296891747
788,0.3144599303135889,0.3170915792690768,0.9367631296891747
789,0.3144599303135889,0.3169302690608621,0.9372990353697749
790,0.31576655052264807,0.31601490130468674,0.9372990353697749
791,0.31576655052264807,0.3149948102216699,0.9378349410503751
792,0.3170731707317073,0.31485803289000847,0.9378349410503751
793,0.3170731707317073,0.31474740470645224,0.9383708467309754
794,0.31837979094076657,0.3124944357332804,0.9383708467309754
795,0.31837979094076657,0.31190885389002665,0.9389067524115756
796,0.32273519163763065,0.30761259915147393,0.9389067524115756
797,0.32273519163763065,0.3067576781731583,0.939978563772776
798,0.3336236933797909,0.29791129168927816,0.939978563772776
799,0.3336236933797909,0.29761597135548895,0.9410503751339764
800,0.3353658536585366,0.29591304170926885,0.9410503751339764
801,0.3353658536585366,0.2955592919402503,0.9415862808145766
802,0.335801393728223,0.2954620335173367,0.9415862808145766
803,0.335801393728223,0.2950571072372858,0.9421221864951769
804,0.33797909407665505,0.293800621629614,0.9421221864951769
805,0.33797909407665505,0.2935956331017054,0.9426580921757771
806,0.3397212543554007,0.2920183441795536,0.9426580921757771
807,0.3397212543554007,0.29155787350909435,0.9431939978563773
808,0.3436411149825784,0.2888045173617037,0.9431939978563773
809,0.3436411149825784,0.2880037462049503,0.9437299035369775
810,0.34581881533101044,0.2862726870477744,0.9437299035369775
811,0.34581881533101044,0.2862466513629462,0.9442658092175777
812,0.3501742160278746,0.28381190345738466,0.9442658092175777
813,0.3501742160278746,0.2837332192420098,0.9448017148981779
814,0.3514808362369338,0.28259072757008175,0.9448017148981779
815,0.3514808362369338,0.281844689132221,0.9458735262593784
816,0.3519163763066202,0.2816409801876159,0.9458735262593784
817,0.3519163763066202,0.2812261757123983,0.9464094319399786
818,0.35757839721254353,0.27549185538693555,0.9464094319399786
819,0.35757839721254353,0.2748857280969918,0.9469453376205788
820,0.3588850174216028,0.27427036741153793,0.9469453376205788
821,0.3588850174216028,0.27311835193912115,0.947481243301179
822,0.36106271777003485,0.27089247057803323,0.947481243301179
823,0.36106271777003485,0.27050762800452327,0.9480171489817792
824,0.37369337979094075,0.2635365422358718,0.9480171489817792
825,0.37369337979094075,0.26345492481387284,0.9485530546623794
826,0.3854529616724739,0.25647325562744105,0.9485530546623794
827,0.3854529616724739,0.2563284424259901,0.9490889603429796
828,0.3858885017421603,0.2560776303992074,0.9490889603429796
829,0.3858885017421603,0.25511659282125954,0.9496248660235799
830,0.3911149825783972,0.25249555275057367,0.9496248660235799
831,0.3911149825783972,0.25247687728376317,0.9501607717041801
832,0.39285714285714285,0.25114690932222994,0.9501607717041801
833,0.39285714285714285,0.2508484886665926,0.9506966773847803
834,0.4024390243902439,0.2432268028960244,0.9506966773847803
835,0.4024390243902439,0.24310617970695841,0.9512325830653805
836,0.40505226480836237,0.24090071327342596,0.9512325830653805
837,0.40505226480836237,0.2399543139667812,0.9523043944265809
838,0.4059233449477352,0.23984894965592393,0.9523043944265809
839,0.4059233449477352,0.23971142715530275,0.9528403001071811
840,0.4115853658536585,0.23804863748976302,0.9528403001071811
841,0.4115853658536585,0.2378677098040442,0.9533762057877814
842,0.4146341463414634,0.23641671548202947,0.9533762057877814
843,0.4146341463414634,0.23629830663765405,0.9539121114683816
844,0.4202961672473868,0.23245031468323285,0.9539121114683816
845,0.4202961672473868,0.23241664882339297,0.9544480171489818
846,0.42857142857142855,0.22810025297579392,0.9544480171489818
847,0.42857142857142855,0.22782976009325964,0.954983922829582
848,0.4324912891986063,0.2268166953914977,0.954983922829582
849,0.4324912891986063,0.22662184341506922,0.9555198285101822
850,0.4333623693379791,0.2263163338179126,0.9555198285101822
851,0.4333623693379791,0.2258987094509433,0.9560557341907824
852,0.44947735191637633,0.21735884156742447,0.9560557341907824
853,0.44947735191637633,0.2172558614391188,0.9565916398713826
854,0.45165505226480834,0.21574901049740175,0.9565916398713826
855,0.45165505226480834,0.21566829829091305,0.9571275455519829
856,0.4560104529616725,0.21102192342625756,0.9571275455519829
857,0.4560104529616725,0.21093982005073414,0.9576634512325831
858,0.4568815331010453,0.21011974088476246,0.9576634512325831
859,0.4568815331010453,0.2095692170184732,0.9581993569131833
860,0.4594947735191638,0.205862069052086,0.9581993569131833
861,0.4594947735191638,0.20572736830579977,0.9587352625937835
862,0.4651567944250871,0.20251629932389914,0.9587352625937835
863,0.4651567944250871,0.20220477165468675,0.9592711682743837
864,0.46602787456445993,0.20165468012715687,0.9592711682743837
865,0.46602787456445993,0.201395068368199,0.9598070739549839
866,0.4799651567944251,0.19082116550882866,0.9598070739549839
867,0.4799651567944251,0.1905546885067183,0.9603429796355841
868,0.4847560975609756,0.188061213336252,0.9603429796355841
869,0.4847560975609756,0.18766695805761077,0.9608788853161844
870,0.48519163763066203,0.18727560888519032,0.9608788853161844
871,0.48519163763066203,0.18718669872585877,0.9614147909967846
872,0.49956445993031356,0.17903141164673297,0.9614147909967846
873,0.49956445993031356,0.17846982840107806,0.9619506966773848
874,0.5008710801393729,0.17829169708122475,0.9619506966773848
875,0.5008710801393729,0.1767707746924407,0.962486602357985
876,0.5100174216027874,0.17206840588266054,0.962486602357985
877,0.5100174216027874,0.1709589448865446,0.9635584137191854
878,0.514808362369338,0.16892829192881334,0.9635584137191854
879,0.514808362369338,0.1678350457247873,0.9640943193997856
880,0.5213414634146342,0.16438825196681678,0.9640943193997856
881,0.5213414634146342,0.16419307297409483,0.9646302250803859
882,0.5309233449477352,0.15807176687932845,0.9646302250803859
883,0.5309233449477352,0.15802826091682826,0.9651661307609861
884,0.5365853658536586,0.15398913141331522,0.9651661307609861
885,0.5365853658536586,0.15376887475631923,0.9657020364415863
886,0.537020905923345,0.15375480695412094,0.9657020364415863
887,0.537020905923345,0.15333386634667195,0.9662379421221865
888,0.5522648083623694,0.14106405965080132,0.9662379421221865
889,0.5522648083623694,0.14097450651459317,0.9667738478027867
890,0.5592334494773519,0.13695317240624028,0.9667738478027867
891,0.5592334494773519,0.136812010894528,0.9673097534833869
892,0.5662020905923345,0.13068609494454894,0.9673097534833869
893,0.5662020905923345,0.13063203845370822,0.9678456591639871
894,0.5844947735191638,0.12068369563767134,0.9678456591639871
895,0.5844947735191638,0.12043906754511069,0.9683815648445874
896,0.5853658536585366,0.12017078949782482,0.9683815648445874
897,0.5853658536585366,0.12001709401709403,0.9689174705251876
898,0.5871080139372822,0.11900866086473101,0.9689174705251876
899,0.5871080139372822,0.11885395351732211,0.969989281886388
900,0.5884146341463414,0.11816285868565778,0.969989281886388
901,0.5884146341463414,0.11774292560640624,0.9705251875669882
902,0.5910278745644599,0.11612327568893796,0.9705251875669882
903,0.5918989547038328,0.116,0.9705251875669882
904,0.5993031358885017,0.11115959065913426,0.9705251875669882
905,0.5993031358885017,0.11110565191514733,0.9710610932475884
906,0.6023519163763066,0.1089605043767798,0.9710610932475884
907,0.6023519163763066,0.10800478900187474,0.9715969989281886
908,0.6027874564459931,0.10791293427788697,0.9715969989281886
909,0.6027874564459931,0.10649967558924858,0.9732047159699893
910,0.6040940766550522,0.10525556753247087,0.9732047159699893
911,0.6040940766550522,0.10514174173924924,0.9737406216505895
912,0.6084494773519163,0.10201709401709402,0.9737406216505895
913,0.6084494773519163,0.102,0.9742765273311897
914,0.6132404181184669,0.10044859984419673,0.9742765273311897
915,0.6132404181184669,0.10030813052281519,0.9748124330117899
916,0.6193379790940766,0.09669647021174185,0.9748124330117899
917,0.6193379790940766,0.09659510034097314,0.9753483386923901
918,0.6363240418118467,0.08669557031636375,0.9753483386923901
919,0.6363240418118467,0.08663040790943095,0.9758842443729904
920,0.6572299651567944,0.07611222393241558,0.9758842443729904
921,0.6572299651567944,0.0760726229165679,0.9764201500535906
922,0.6646341463414634,0.07435294117647058,0.9764201500535906
923,0.6646341463414634,0.07427591209217622,0.9769560557341908
924,0.6729094076655052,0.0716,0.9769560557341908
925,0.6729094076655052,0.07159467341304429,0.977491961414791
926,0.6746515679442509,0.07088340382683116,0.977491961414791
927,0.6746515679442509,0.07071905320541727,0.9780278670953912
928,0.6785714285714286,0.06879982317253598,0.9780278670953912
929,0.6785714285714286,0.06862379406800849,0.9785637727759914
930,0.679006968641115,0.0680422569541455,0.9785637727759914
931,0.679006968641115,0.06799275296469838,0.9790996784565916
932,0.6829268292682927,0.0661741095770356,0.9790996784565916
933,0.6829268292682927,0.0660718104857422,0.9796355841371919
934,0.688588850174216,0.06353753600865529,0.9796355841371919
935,0.688588850174216,0.06306030539887157,0.9801714898177921
936,0.6907665505226481,0.061914158726887755,0.9801714898177921
937,0.6907665505226481,0.061825425389336885,0.9807073954983923
938,0.6916376306620209,0.06080021373445543,0.9807073954983923
939,0.6916376306620209,0.06072477274394645,0.9812433011789925
940,0.6942508710801394,0.05907308246206436,0.9812433011789925
941,0.6942508710801394,0.05897039694494205,0.9817792068595927
942,0.695993031358885,0.05821584382018604,0.9817792068595927
943,0.695993031358885,0.05796684936341962,0.9823151125401929
944,0.7007839721254355,0.055994582482898805,0.9823151125401929
945,0.7007839721254355,0.055866187619287,0.9828510182207931
946,0.7016550522648084,0.055681639584413974,0.9828510182207931
947,0.7016550522648084,0.055616645469365365,0.9833869239013934
948,0.7020905923344948,0.05554045667994741,0.9833869239013934
949,0.7020905923344948,0.05525434734975438,0.9839228295819936
950,0.7051393728222997,0.054,0.9839228295819936
951,0.7051393728222997,0.05394308326104858,0.9844587352625938
952,0.7068815331010453,0.052879317609773255,0.9844587352625938
953,0.7068815331010453,0.05283950355811517,0.984994640943194
954,0.7099303135888502,0.052306725721812074,0.984994640943194
955,0.7099303135888502,0.05221032337191624,0.9860664523043944
956,0.7151567944250871,0.0502057413144695,0.9860664523043944
957,0.7151567944250871,0.049929809255656814,0.9866023579849946
958,0.7386759581881533,0.041926519613741324,0.9866023579849946
959,0.7386759581881533,0.04186365874071969,0.9871382636655949
960,0.742595818815331,0.0405661071057225,0.9871382636655949
961,0.742595818815331,0.04042758974906857,0.9876741693461951
962,0.7508710801393729,0.03735377179757884,0.9876741693461951
963,0.7508710801393729,0.03661427280126011,0.9898177920685959
964,0.7600174216027874,0.033451209258378925,0.9898177920685959
965,0.7600174216027874,0.03321636303745953,0.9908896034297964
966,0.7726480836236934,0.03020730452674897,0.9908896034297964
967,0.7726480836236934,0.03006971340507064,0.9914255091103966
968,0.7765679442508711,0.0284098096361484,0.9914255091103966
969,0.7765679442508711,0.02838372506414545,0.9919614147909968
970,0.7826655052264808,0.026488948602480945,0.9919614147909968
971,0.7826655052264808,0.026438973969724132,0.992497320471597
972,0.7974738675958188,0.021425072401897036,0.992497320471597
973,0.7974738675958188,0.021412001186240655,0.9930332261521972
974,0.8053135888501742,0.01936463227196494,0.9930332261521972
975,0.8053135888501742,0.019362699624820467,0.9935691318327974
976,0.8057491289198606,0.019286171160923876,0.9935691318327974
977,0.8057491289198606,0.019268047727210254,0.9941050375133976
978,0.8087979094076655,0.018198141515213283,0.9941050375133976
979,0.8087979094076655,0.018017094017094018,0.9946409431939979
980,0.8092334494773519,0.018,0.9946409431939979
981,0.8092334494773519,0.017993093509313808,0.9951768488745981
982,0.8122822299651568,0.017028253804938404,0.9951768488745981
983,0.8122822299651568,0.016937192698943164,0.9957127545551983
984,0.8175087108013938,0.016,0.9957127545551983
985,0.8175087108013938,0.01592067640080225,0.9962486602357985
986,0.8266550522648084,0.01447411137992315,0.9962486602357985
987,0.8266550522648084,0.014469773684296854,0.9967845659163987
988,0.8392857142857143,0.011687097001764159,0.9967845659163987
989,0.8392857142857143,0.011679357858802973,0.9973204715969989
990,0.8471254355400697,0.010057142857142857,0.9973204715969989
991,0.8479965156794426,0.010018813880646226,0.9973204715969989
992,0.8540940766550522,0.008364857001397174,0.9973204715969989
993,0.8540940766550522,0.008340414684757363,0.9978563772775991
994,0.8562717770034843,0.008114533919174638,0.9978563772775991
995,0.8571428571428571,0.008051600765892127,0.9978563772775991
996,0.8584494773519163,0.008018813880646226,0.9978563772775991
997,0.8588850174216028,0.00801015228426396,0.9983922829581994
998,0.8597560975609756,0.008,0.9983922829581994
999,0.8732578397212544,0.0054501616540762856,0.9983922829581994
1000,0.8732578397212544,0.005343485617597292,0.9989281886387996
1001,0.8758710801393729,0.004786234325085301,0.9989281886387996
1002,0.8758710801393729,0.004741767064102699,0.9994640943193998
1003,0.8876306620209059,0.004018813880646225,0.9994640943193998
1004,0.8924216027874564,0.004,0.9994640943193998
1005,0.9046167247386759,0.0022105263157894735,0.9994640943193998
1006,0.9054878048780488,0.002208015640273705,0.9994640943193998
1007,0.9085365853658537,0.0021311586124010177,0.9994640943193998
1008,0.9085365853658537,0.002101154984117632,1.0
1009,0.9094076655052264,0.0020871397274971784,1.0
1010,0.9111498257839721,0.0020657679738562093,1.0
1011,0.912020905923345,0.0020571428571428568,1.0
1012,0.9128919860627178,0.002051600765892127,1.0
1013,0.9133275261324042,0.0020505563246679998,1.0
1014,0.914198606271777,0.0020483749055177627,1.0
1015,0.9159407665505227,0.002018813880646225,1.0
1016,0.9163763066202091,0.0020144672531769306,1.0
1017,0.9189895470383276,0.0020069444444444444,1.0
1018,0.919425087108014,0.0020053763440860215,1.0
1019,0.9298780487804879,0.002,1.0
1020,0.9420731707317073,9.59892319332513e-05,1.0
1021,0.9429442508710801,9.043895052960558e-05,1.0
1022,0.9442508710801394,7.875498684322214e-05,1.0
1023,0.9451219512195121,7.35617901567276e-05,1.0
1024,0.9468641114982579,6.576797385620916e-05,1.0
1025,0.9477351916376306,5.714285714285714e-05,1.0
1026,0.9490418118466899,5.583131281058142e-05,1.0
1027,0.9499128919860628,5.181895093062605e-05,1.0
1028,0.9512195121951219,5.16007658921265e-05,1.0
1029,0.9538327526132404,3.142888000864024e-05,1.0
1030,0.9547038327526133,2.1276595744680852e-05,1.0
1031,0.9590592334494773,1.881388064622486e-05,1.0
1032,0.9616724738675958,1.4467253176930596e-05,1.0
1033,0.9625435540069687,1.2779552715654951e-05,1.0
1034,0.962979094076655,1.015228426395939e-05,1.0
1035,0.9642857142857143,6.944444444444444e-06,1.0
1036,0.9647212543554007,5.376344086021506e-06,1.0
1037,1.0,0.0,1.0
